id,titulo,skills_cobertas,nivel,carga_horaria,link
c01,Fundamentos de Azure AI Foundry e Model Catalog,foundry.platform;foundry.models,1,6,https://example.com/cursos/c01
c02,Construindo AI Agents no Foundry,foundry.agents;foundry.prompt,2,10,https://example.com/cursos/c02
c03,RAG na prática com Azure AI Search,foundry.rag;foundry.prompt,2,12,https://example.com/cursos/c03
c04,Responsible AI e Content Safety,foundry.safety,1,4,https://example.com/cursos/c04
c05,GenAIOps: avaliação e observabilidade de LLMs,foundry.genaiops;foundry.safety,2,8,https://example.com/cursos/c05
c06,Microsoft Fabric: Lakehouse e OneLake do zero,fabric.platform;fabric.lakehouse;fabric.pipelines,1,12,https://example.com/cursos/c06
c07,Data Factory e Pipelines no Fabric,fabric.pipelines,2,8,https://example.com/cursos/c07
c08,Fabric Data Warehouse e T-SQL,fabric.warehouse,2,10,https://example.com/cursos/c08
c09,Real-Time Intelligence com Eventstream e KQL,fabric.realtime,1,6,https://example.com/cursos/c09
c10,Power BI com Direct Lake e Copilot,fabric.powerbi;fabric.ai,2,10,https://example.com/cursos/c10
c11,Data Science e IA no Microsoft Fabric,fabric.ai,2,8,https://example.com/cursos/c11
c12,Apache Spark e PySpark no Databricks,databricks.platform;databricks.spark;databricks.delta,2,16,https://example.com/cursos/c12
c13,Spark avançado: performance e streaming,databricks.spark,3,12,https://example.com/cursos/c13
c14,Delta Lake e Lakeflow Declarative Pipelines,databricks.delta;databricks.workflows,2,10,https://example.com/cursos/c14
c15,Governança com Unity Catalog,databricks.unity,2,6,https://example.com/cursos/c15
c16,MLflow e MLOps no Databricks,databricks.mlflow,2,8,https://example.com/cursos/c16
c17,Mosaic AI: Vector Search e Agent Framework,databricks.genai,2,12,https://example.com/cursos/c17
